date,y_true,pred_mean,pred_std,lps,VaR_5%,ES_5%,var_hit
2005-12-27,-1.022858787736869,-0.0363304862220948,0.9497954253986863,-1.5142103403957492,-1.696077004316699,-2.2756400451212437,0
2006-03-10,0.9454528245876226,-0.07142298815893065,0.9638411172565686,-1.4454590935019442,-1.659166768873796,-2.3704971199301323,0
2006-05-22,-0.7661079435087537,0.06455813534300596,0.9012488924998324,-1.2529745281901308,-1.3138889042871518,-1.8968985366444815,0
2006-08-02,0.6736753263141715,0.07500121223133153,0.8581347446636506,-1.0281815943395116,-1.2682136353975506,-1.9065554496552195,0
2006-10-12,0.8622145384216573,0.016055439675343414,0.7907088760900624,-1.3051586585594956,-1.3605829424857776,-1.8239219117415768,0
2006-12-22,-0.6161961162537644,0.03175865257721903,0.731990105560715,-1.126596233487708,-1.2143959026831588,-1.6912640811853534,0
2007-03-09,0.028452155219937936,0.0631459261511102,0.7035752103925913,-0.5011119357252609,-1.1865001404842492,-1.5175987791167935,0
2007-05-21,-0.052405905987917833,0.04107804524917588,0.6706379713886683,-0.5365514374741112,-1.0589963347425626,-1.5227485493604145,0
2007-08-01,0.4860399579595942,0.057154297784542486,0.6653055822692793,-0.6970753650000168,-0.9096662130476294,-1.4322810179222771,0
2007-10-11,-0.4812268744790238,0.007906122987871465,0.7103492443015779,-0.8394913800064031,-1.3355392394441217,-1.6743476414389078,0
2007-12-26,0.21417275379960188,-0.12098670427544934,0.7208907625653509,-0.7034264716356043,-1.2328406427847571,-1.7378641175202638,0
2008-03-10,-1.3270854644051866,0.2499727562883069,0.7474445270952892,-3.1058650701520674,-0.864890555459798,-1.408765048685021,1
2008-05-20,-0.842208543521572,0.01249867293067072,0.7693101443082571,-1.2981703698533529,-1.1587640473402157,-1.7224352712148363,0
2008-07-31,-1.3314714928948312,-0.13509496411690672,0.7712204621890673,-1.8027391848103689,-1.3386033831466042,-1.818397336187314,0
2008-10-10,-2.455464326469592,0.9061616950309088,0.8255090492486414,-9.019919151623531,-0.4705391515315285,-1.0477975585433743,1
2008-12-22,-1.2895384195080517,0.5876583189153188,0.9605119162491618,-2.4943983189122365,-1.0571781823739155,-1.4391747185014292,1
2009-03-06,0.17416064854387514,0.3123814616394157,1.0889759950922329,-0.9162122768325213,-1.5128641649596064,-2.2470447244182568,0
2009-05-18,2.8011277857948436,0.026277551195163854,1.1620339815926013,-3.7531051214215503,-1.8653848582367214,-2.6655191068729467,0
2009-07-29,-0.2455106637890836,-0.03320860243140746,1.2153423740576037,-1.0610344503920561,-1.9571709457508517,-2.8456207153917488,0
2009-10-08,0.7626498521407399,-0.12038562524926634,1.2373603189466387,-1.445511171448256,-2.1426880838642206,-3.0039360865024967,0
2009-12-18,0.5645202467642108,-0.04546607324267594,1.234494314373011,-1.2026252439506477,-2.3251903980893958,-2.7821231688857373,0
2010-03-04,0.3022741527400896,-0.1572442763767033,1.2796120469238028,-1.2166986951545555,-2.1884593177197957,-3.257031088975326,0
2010-05-14,-1.8270989078494893,-0.02264582605946095,1.2323291848476439,-2.2902143085168767,-1.903688632027988,-2.8485234757981948,0
2010-07-27,-0.008952324402411449,-0.17745337245377807,1.2821464279460182,-1.2124716544953387,-2.361502584105071,-3.1257437614352073,0
2010-10-06,-0.008632187148283066,-0.21039956399986437,1.3106964635663763,-1.2477377803667045,-2.409899028047578,-3.249291617856568,0
2010-12-16,0.5785157141762198,0.10085151151342306,1.3280153240797563,-1.295577720492243,-2.140887099742289,-2.960941603172233,0
2011-03-01,-1.6813365735258934,-0.2878428169952661,1.3206736324766093,-1.7624817357486307,-2.455663273392402,-3.3123709463534583,0
2011-05-11,-1.0580510836952328,-0.15773499324153945,1.3326517228573345,-1.4604963675314666,-2.338477483096428,-3.2247914071566095,0
2011-07-22,0.06688916811681267,-0.2279483451506599,1.3360096754161777,-1.271527738307511,-2.3628722938536666,-3.308547407409887,0
2011-10-03,-2.887076629171137,-0.032703159022071354,1.3930293577472943,-3.436125928589109,-2.4231532877378954,-3.245278723583662,1
2011-12-13,-0.9382459857238068,-0.019984842873666083,1.4211290746137832,-1.5120747576688827,-2.3463841094809945,-3.290773874771724,0
2012-02-27,0.1677886809976492,-0.0012319541709833537,1.3823072819375164,-1.2938302737752239,-2.291066493705096,-3.152250881154037,0
2012-05-08,-0.4019686531842481,0.018251797010994223,1.3627458767310585,-1.2843324924474016,-2.2530667530923996,-3.1292040059407404,0
2012-07-19,0.26170773035367745,0.012772535928346214,1.3371315476320615,-1.2688080296668092,-2.214400258236525,-3.0456713824322312,0
2012-09-28,-0.5474020121959633,-0.004146824711028954,1.2643183216725171,-1.2665566770097352,-2.041097578561269,-2.8970377702096135,0
2012-12-12,0.04879471341583397,-0.04393089306783933,1.1515154046053233,-1.1091348681826871,-1.9618963976602215,-2.669181323189786,0
2013-02-26,0.6822330175164204,0.12407651414154301,1.0762853472949045,-1.1222002711140229,-1.6572098004613596,-2.359353052767486,0
2013-05-08,0.45406771598193174,-0.08280080030247364,1.012361411564561,-1.0674446577308587,-1.7211006472488661,-2.4038024060178165,0
2013-07-19,0.17753256651786842,-0.0665561815799291,0.9932408401176885,-0.9902928933718297,-1.707154065719725,-2.349668009701664,0
2013-09-30,-0.5342703829686712,0.046619063470060625,0.9657410649446807,-1.0937425030204562,-1.5207540284592154,-2.169956726690507,0
2013-12-10,-0.3589795345213531,0.006139799113577728,0.9421265268789464,-0.9547820213756811,-1.541677593452122,-2.1534457021834106,0
2014-02-24,0.5531487255118428,-0.01633846794434154,0.9362321502677975,-1.0209253884850402,-1.5503586131623714,-2.1703463488248946,0
2014-05-06,-0.874215831261349,0.029341873630992044,0.9158833547305651,-1.316321544576787,-1.4284311758911277,-2.086128899812176,0
2014-07-17,-1.1430836165849279,-0.02238027854550547,0.8592001656310778,-1.6517071915965233,-1.4461302446378193,-2.0012089892347666,0
2014-09-26,0.7913968303114416,0.011808648124822775,0.8329156354073554,-1.126810963563708,-1.2943744507984811,-1.9058394892294541,0
2014-12-08,-0.6704956971468334,0.004322390645555645,0.8311826831697094,-1.0841668216679086,-1.4125204827205688,-1.8973051858789307,0
2015-02-20,0.5978201055567567,-0.022355709042164405,0.8554922146577989,-0.9989235899166322,-1.437744699520295,-2.001030913803423,0
2015-05-04,0.28435011916299047,-0.050572077602755436,0.8492168137360305,-0.8462915648803411,-1.433964183542647,-2.0004779910442876,0
2015-07-15,-0.04270279118889775,-0.1470502660546598,0.8369823019014069,-0.8030797189492036,-1.4446604616360803,-2.053372968338553,0
2015-09-24,-0.3466783260833495,0.03712642888824705,0.7905735737190905,-0.8133917268183107,-1.259202877366,-1.7802618826648888,0
2015-12-04,1.9315315610715977,0.046690751080640656,0.7498970889004098,-3.38702714899519,-1.229398557894627,-1.6720791014737912,0
2016-02-18,-0.4104333454496789,-0.11878293084450144,0.7878188186182833,-0.7613062920369437,-1.397878346563922,-1.928361847099712,0
2016-04-29,-0.5399137661177278,0.048718509825955464,0.779795548203244,-0.9841370788551129,-1.2381514426972435,-1.738575056764406,0
2016-07-12,0.7236982833551231,-0.06751664915104634,0.7657359478442161,-1.142474829426318,-1.2852533602692502,-1.8139989913987062,0
2016-09-21,1.1182381232083927,0.018892470026201213,0.758463471378096,-1.6720416314087605,-1.1960907450717344,-1.717334817083503,0
2016-12-01,-0.3682049282127231,-0.07552739098660044,0.7451435267538863,-0.7279566590906775,-1.2695932798587197,-1.7713685639485248,0
2017-02-14,0.40733787633433494,-0.02499347727621329,0.7359635329620452,-0.7839006980616539,-1.2090673322888505,-1.7028828059462149,0
2017-04-27,0.0796673754743793,-0.061379271514510544,0.7231866867227664,-0.6484654996108113,-1.1975421763740128,-1.715459934865331,0
2017-09-12,0.3364736837752069,0.0038207291179540182,0.7032789566333963,-0.7124491366372498,-1.1399690900453254,-1.600735921017423,0
2017-11-21,0.6521534453089117,0.015631520319303385,0.6906020554278234,-0.923127712147707,-1.0619207134281488,-1.5706789289204548,0
2018-02-05,-4.2722089129378915,0.18677205821586426,0.6843644045954319,-40.17569380269817,-0.8513952978278095,-1.3759945338363768,1
2018-04-18,0.07401410866823,-0.05966703921934673,0.7137278692803589,-0.6513786221025878,-1.212651532801214,-1.6896454804333547,0
2018-06-28,0.5701356359277376,0.07246727924845202,0.7119642757003695,-0.8184461563568384,-1.041490395385067,-1.5579431933319614,0
2018-09-10,0.17370841498500766,0.06356776510604009,0.7139242609841525,-0.6438491053033762,-1.0646482554672871,-1.5619153307934137,0
2018-11-19,-1.7059300297328939,-0.09157864547733587,0.7322482510477283,-3.1427094687147874,-1.2634781845684884,-1.762066257998298,1
2019-02-04,0.7010865208153305,-0.08729493468997195,0.7681212601143761,-1.1270034879443578,-1.3184569197386347,-1.856883760427186,0
2019-04-16,0.06549201226766499,-0.035682621512142604,0.7440521149080762,-0.6801102993688376,-1.2569760468971756,-1.7410262882000211,0
2019-06-27,0.35396730476016103,0.13402490370581271,0.7486721011097679,-0.7110534151270927,-1.0914840616196242,-1.5861594166481863,0
2019-09-09,0.05030678280393275,-0.017593028494429487,0.7706283906650112,-0.7052674969159152,-1.2538804836370927,-1.7736015841631247,0
2019-11-18,0.07373289779062375,-0.0027067428588022757,0.7410997736658935,-0.6730969916457323,-1.1848209163658043,-1.6655758400975458,0
2020-01-31,-1.832484964032588,-0.03722102329887311,0.7077882540499687,-3.3299232911070638,-1.1811324353078247,-1.6656996092090934,1
2020-04-14,2.90663404319762,0.7192889336091725,0.7713779324549094,-4.5526311740969225,-0.5637790585321201,-0.978415165506034,0
2020-06-24,-2.5839702491442296,-0.058545026259980454,0.7944857071400692,-4.124279495995273,-1.3415176622315486,-1.870001538185668,1
2020-09-03,-3.5020590810981744,-0.12639000443147963,0.7926314139865617,-8.403426689914022,-1.4431085900753284,-1.9099587708114718,1
2020-11-13,1.3749548931808242,0.02256001866402307,0.8587250858023251,-2.0234077263941264,-1.397980618480796,-1.9437446388277926,0
2021-01-28,0.8563521957506204,0.28294207185031517,0.8643200494453134,-0.9433051456590806,-1.120557174625815,-1.697490160306814,0
2021-04-12,0.03644691343156481,-0.11519979611662583,0.8890440555457816,-0.8161502676547436,-1.5728860266544151,-2.158796965825681,0
2021-06-22,0.5331984228107878,-0.2545087620087456,0.9127771544738666,-1.1486094485886709,-1.758888102932745,-2.3176528729488046,0
2021-09-01,0.05312594499020662,0.005322554598169536,0.9170237148023314,-0.8305690441284439,-1.5197144831106988,-2.108717171911021,0
2021-11-11,0.03235714941425272,0.10638840817108827,0.9360303240820121,-0.8534019177049754,-1.4297800814398656,-2.024053837058336,0
2022-01-25,-1.2284090054033747,0.04317238148921478,0.9639127123507991,-1.859943877744234,-1.5704132475890644,-2.1687579712890868,0
2022-04-06,-1.0049751515546212,-0.003750850572651805,0.9748161302894116,-1.580728350499941,-1.6463552677769606,-2.220689041545391,0
2022-06-17,0.21512201719522395,0.04082405616907642,1.0476020550964655,-0.9872582175152191,-1.6447604370514657,-2.352202806994616,0
2022-08-30,-1.1038646086350745,-0.1056306098831292,1.084384928980274,-1.579433682294429,-1.8103323339614297,-2.5745840451837063,0
2022-11-09,-2.081723720108908,-0.058538740414514255,1.1142916915387062,-2.6910210822964507,-1.8810650641299187,-2.5970466116104833,1
2023-01-24,-0.1073980178134093,-0.2269113113496498,1.1116600555605813,-1.0289561340465099,-2.0641065258433957,-2.7666470176054605,0
2023-04-05,-0.2621745436520939,0.23223385020892195,1.1356549180878188,-1.1432506964668723,-1.6351108143035025,-2.360361696727611,0
2023-06-16,-0.3410348037380828,-0.4584838477077325,1.1376018996464465,-1.055538815051013,-2.316358406382067,-3.0546370774645797,0
2023-08-29,1.4351217281514117,0.008486064653366113,1.1209711964622586,-1.840701454436743,-1.777139470630789,-2.54639041696053,0
2023-11-08,0.07320942529416286,-0.11935932951716684,1.13147628503375,-1.0465550602147264,-2.0508856780154585,-2.70437040828414,0
2024-01-23,0.2912358373164281,0.15857767795331226,1.1328376154989859,-1.0326351949961783,-1.6799610214372462,-2.416249683952283,0
2024-04-04,-1.2281238725345922,-0.12126525217776297,1.0323822160159501,-1.7201232194491793,-1.802636119082463,-2.480938094449873,0
2024-06-14,0.060816950922504276,-0.30297943675669275,1.0082085814821988,-0.9626857390519444,-1.9942015838682903,-2.6066531866629474,0
2024-08-27,0.13721363640186723,-0.015788678778586272,1.0051644500307022,-0.9377454658456983,-1.6956842260030573,-2.306784349791799,0
2024-11-06,2.4561504550431046,-0.10395739366884303,0.9759266985262766,-3.9650534974787024,-1.7736246226207664,-2.3356162457896703,0
2025-01-22,0.5605636804535408,0.04458413902361636,0.9761565731313299,-0.984198773272679,-1.5481940182563754,-2.19405189278516,0
2025-04-03,-5.053656042128818,0.01823148873992933,0.9890972747998646,-18.954304866036107,-1.6260043457652638,-2.240042604023233,1
2025-06-16,0.9469247204470399,-0.21891880017519832,1.0255975357297678,-1.5669970058594476,-1.891387422845347,-2.557275548515583,0
2025-08-27,0.22759052590446416,-0.0700322987924818,1.0177923561018067,-0.9641804158145907,-1.721839622697539,-2.384010935300289,0
2025-11-06,-1.078735468828107,0.14527441633297872,1.0153273779384868,-1.7947464584791306,-1.5187361015688927,-2.1803792710692833,0
2026-01-21,1.147507138795767,0.010281337356296473,0.9966403287525282,-1.5371719098760543,-1.5851269779431778,-2.2698964601728537,0
